{
  "weight_vector": [
    -2.3,
    -1.75,
    -1.21,
    -0.83,
    -0.51,
    -0.29,
    -0.12,
    -0.03,
    0.07,
    0.18,
    0.33,
    0.52,
    0.78,
    1.08,
    1.47,
    2.05
  ],
  "activation_vectors": [
    [
      -1.8,
      -1.2,
      -0.92,
      -0.61,
      -0.38,
      -0.22,
      -0.1,
      -0.01,
      0.05,
      0.14,
      0.29,
      0.44,
      0.66,
      0.98,
      1.35,
      1.82
    ],
    [
      -1.35,
      -0.95,
      -0.72,
      -0.49,
      -0.31,
      -0.18,
      -0.07,
      0.02,
      0.1,
      0.19,
      0.34,
      0.51,
      0.7,
      0.91,
      1.18,
      1.54
    ],
    [
      -2.05,
      -1.42,
      -1.06,
      -0.74,
      -0.49,
      -0.31,
      -0.15,
      -0.04,
      0.02,
      0.16,
      0.31,
      0.49,
      0.73,
      1.06,
      1.44,
      1.95
    ]
  ],
  "smooth_scale": [
    1.624545,
    1.238766,
    1.021156,
    0.796132,
    0.603297,
    0.444936,
    0.274031,
    0.109694,
    0.210492,
    0.315246,
    0.472041,
    0.622349,
    0.794347,
    1.038715,
    1.286798,
    1.584041
  ],
  "weight": {
    "gptq_int4_codes": [
      0,
      2,
      4,
      5,
      6,
      7,
      8,
      8,
      8,
      9,
      9,
      10,
      11,
      12,
      13,
      15
    ],
    "gptq_int4_dequant": [
      -2.32,
      -1.74,
      -1.16,
      -0.87,
      -0.58,
      -0.29,
      0.0,
      0.0,
      0.0,
      0.29,
      0.29,
      0.58,
      0.87,
      1.16,
      1.45,
      2.03
    ],
    "gptq_nf4_codes": [
      0,
      1,
      2,
      3,
      5,
      6,
      6,
      7,
      7,
      8,
      9,
      10,
      11,
      12,
      13,
      15
    ],
    "gptq_nf4_dequant": [
      -2.3,
      -1.601243,
      -1.207668,
      -0.90831,
      -0.424979,
      -0.209415,
      -0.209415,
      0.0,
      0.0,
      0.183035,
      0.370139,
      0.566058,
      0.777205,
      1.013633,
      1.294019,
      2.3
    ]
  },
  "activation": {
    "smooth_int8_codes": [
      [
        0,
        16,
        23,
        38,
        54,
        69,
        84,
        115,
        152,
        175,
        194,
        205,
        219,
        232,
        244,
        255
      ],
      [
        0,
        10,
        18,
        31,
        45,
        61,
        82,
        144,
        185,
        203,
        220,
        234,
        243,
        242,
        248,
        255
      ],
      [
        0,
        12,
        23,
        34,
        46,
        58,
        73,
        92,
        139,
        181,
        196,
        210,
        223,
        233,
        243,
        255
      ]
    ],
    "smooth_int8_dequant": [
      [
        -1.797322,
        -1.195089,
        -0.921885,
        -0.61304,
        -0.379117,
        -0.220531,
        -0.099442,
        -0.009709,
        0.050302,
        0.13951,
        0.288279,
        0.440665,
        0.66088,
        0.983704,
        1.35532,
        1.822611
      ],
      [
        -1.355555,
        -0.946056,
        -0.722097,
        -0.489788,
        -0.311428,
        -0.17934,
        -0.06976,
        0.020168,
        0.099727,
        0.189484,
        0.340474,
        0.5105,
        0.70214,
        0.910797,
        1.182926,
        1.534583
      ],
      [
        -2.048753,
        -1.416914,
        -1.058197,
        -0.739396,
        -0.489528,
        -0.308834,
        -0.150023,
        -0.039678,
        0.020578,
        0.160259,
        0.309188,
        0.492819,
        0.729972,
        1.056083,
        1.434114,
        1.951216
      ]
    ],
    "smooth_nf8_codes": [
      [
        0,
        1,
        3,
        6,
        14,
        27,
        46,
        104,
        185,
        222,
        240,
        246,
        251,
        253,
        254,
        255
      ],
      [
        1,
        2,
        4,
        8,
        16,
        29,
        57,
        180,
        235,
        246,
        251,
        254,
        254,
        254,
        255,
        255
      ],
      [
        0,
        1,
        2,
        4,
        8,
        14,
        26,
        51,
        150,
        224,
        238,
        246,
        251,
        253,
        254,
        255
      ]
    ],
    "smooth_nf8_dequant": [
      [
        -1.866537,
        -1.243197,
        -0.89717,
        -0.619189,
        -0.380404,
        -0.219739,
        -0.099195,
        -0.01014,
        0.050001,
        0.140876,
        0.291361,
        0.442384,
        0.666264,
        0.965807,
        1.291402,
        1.82
      ],
      [
        -1.379532,
        -0.974614,
        -0.724732,
        -0.492372,
        -0.30863,
        -0.179757,
        -0.069863,
        0.019922,
        0.099606,
        0.189612,
        0.335016,
        0.528487,
        0.674544,
        0.882057,
        1.251022,
        1.54
      ],
      [
        -2.05,
        -1.365392,
        -1.042805,
        -0.733396,
        -0.484292,
        -0.308126,
        -0.151203,
        -0.040172,
        0.020446,
        0.1599,
        0.307185,
        0.485867,
        0.731752,
        1.060736,
        1.418334,
        1.998889
      ]
    ]
  }
}